{"assets/audio/card_audio.mp3":["assets/audio/card_audio.mp3"],"assets/audio/tring_sound.mp3":["assets/audio/tring_sound.mp3"],"assets/fonts/ProximaNova-Regular.otf":["assets/fonts/ProximaNova-Regular.otf"],"assets/fonts/ProximaNovaBold.otf":["assets/fonts/ProximaNovaBold.otf"],"assets/fonts/ProximaNovaThin.otf":["assets/fonts/ProximaNovaThin.otf"],"assets/icons/BPSC.png":["assets/icons/BPSC.png"],"assets/icons/Banking.png":["assets/icons/Banking.png"],"assets/icons/Bihar_tet.png":["assets/icons/Bihar_tet.png"],"assets/icons/CTET.png":["assets/icons/CTET.png"],"assets/icons/DebitCard.png":["assets/icons/DebitCard.png"],"assets/icons/GooglePay.png":["assets/icons/GooglePay.png"],"assets/icons/NDA.png":["assets/icons/NDA.png"],"assets/icons/NetBanking.png":["assets/icons/NetBanking.png"],"assets/icons/Paytm.png":["assets/icons/Paytm.png"],"assets/icons/PhonePay.png":["assets/icons/PhonePay.png"],"assets/icons/Railway.png":["assets/icons/Railway.png"],"assets/icons/SSC.png":["assets/icons/SSC.png"],"assets/icons/about_thriive.svg":["assets/icons/about_thriive.svg"],"assets/icons/activeAppointmentIcon.svg":["assets/icons/activeAppointmentIcon.svg"],"assets/icons/activeHelpCircleIcon.svg":["assets/icons/activeHelpCircleIcon.svg"],"assets/icons/activeHomeIcon.svg":["assets/icons/activeHomeIcon.svg"],"assets/icons/activeInstantIcon.svg":["assets/icons/activeInstantIcon.svg"],"assets/icons/angry.png":["assets/icons/angry.png"],"assets/icons/angryActive.png":["assets/icons/angryActive.png"],"assets/icons/appointment.svg":["assets/icons/appointment.svg"],"assets/icons/arrowSymbol.svg":["assets/icons/arrowSymbol.svg"],"assets/icons/arrow_up_down.svg":["assets/icons/arrow_up_down.svg"],"assets/icons/attachMent.svg":["assets/icons/attachMent.svg"],"assets/icons/audiochat.png":["assets/icons/audiochat.png"],"assets/icons/bell.svg":["assets/icons/bell.svg"],"assets/icons/bellIcon.svg":["assets/icons/bellIcon.svg"],"assets/icons/calender.svg":["assets/icons/calender.svg"],"assets/icons/calenderSymbol.svg":["assets/icons/calenderSymbol.svg"],"assets/icons/call.svg":["assets/icons/call.svg"],"assets/icons/cancel.svg":["assets/icons/cancel.svg"],"assets/icons/chat.svg":["assets/icons/chat.svg"],"assets/icons/choice.png":["assets/icons/choice.png"],"assets/icons/clock.svg":["assets/icons/clock.svg"],"assets/icons/clockColor.svg":["assets/icons/clockColor.svg"],"assets/icons/contactUs.svg":["assets/icons/contactUs.svg"],"assets/icons/danger.png":["assets/icons/danger.png"],"assets/icons/document.png":["assets/icons/document.png"],"assets/icons/doubleInvertedCommas.svg":["assets/icons/doubleInvertedCommas.svg"],"assets/icons/editicon.svg":["assets/icons/editicon.svg"],"assets/icons/english.svg":["assets/icons/english.svg"],"assets/icons/exp.svg":["assets/icons/exp.svg"],"assets/icons/faq.png":["assets/icons/faq.png"],"assets/icons/faq.svg":["assets/icons/faq.svg"],"assets/icons/faqnew.svg":["assets/icons/faqnew.svg"],"assets/icons/feel1.png":["assets/icons/feel1.png"],"assets/icons/feel2.png":["assets/icons/feel2.png"],"assets/icons/feel3.png":["assets/icons/feel3.png"],"assets/icons/feel4.png":["assets/icons/feel4.png"],"assets/icons/feel5.png":["assets/icons/feel5.png"],"assets/icons/female.svg":["assets/icons/female.svg"],"assets/icons/fi_bell.svg":["assets/icons/fi_bell.svg"],"assets/icons/filterIcon.png":["assets/icons/filterIcon.png"],"assets/icons/happy.png":["assets/icons/happy.png"],"assets/icons/happyActive.png":["assets/icons/happyActive.png"],"assets/icons/heartQuote.svg":["assets/icons/heartQuote.svg"],"assets/icons/help.svg":["assets/icons/help.svg"],"assets/icons/helpCenter.svg":["assets/icons/helpCenter.svg"],"assets/icons/help_circle.svg":["assets/icons/help_circle.svg"],"assets/icons/help_support.svg":["assets/icons/help_support.svg"],"assets/icons/highStress.svg":["assets/icons/highStress.svg"],"assets/icons/highStressActive.svg":["assets/icons/highStressActive.svg"],"assets/icons/homeIcon.svg":["assets/icons/homeIcon.svg"],"assets/icons/ic_search.svg":["assets/icons/ic_search.svg"],"assets/icons/image.png":["assets/icons/image.png"],"assets/icons/infoIcon.svg":["assets/icons/infoIcon.svg"],"assets/icons/instant.svg":["assets/icons/instant.svg"],"assets/icons/jobTypeIcon.svg":["assets/icons/jobTypeIcon.svg"],"assets/icons/languageIcon.svg":["assets/icons/languageIcon.svg"],"assets/icons/lifeCoachIcon.svg":["assets/icons/lifeCoachIcon.svg"],"assets/icons/location.svg":["assets/icons/location.svg"],"assets/icons/logout.svg":["assets/icons/logout.svg"],"assets/icons/lowStress.svg":["assets/icons/lowStress.svg"],"assets/icons/mail.svg":["assets/icons/mail.svg"],"assets/icons/male.svg":["assets/icons/male.svg"],"assets/icons/mediumStress.svg":["assets/icons/mediumStress.svg"],"assets/icons/mediumStressActive.svg":["assets/icons/mediumStressActive.svg"],"assets/icons/moreVertical.svg":["assets/icons/moreVertical.svg"],"assets/icons/nda.svg":["assets/icons/nda.svg"],"assets/icons/noun-muscle-pain.svg":["assets/icons/noun-muscle-pain.svg"],"assets/icons/offlineCall.svg":["assets/icons/offlineCall.svg"],"assets/icons/offlineChat.svg":["assets/icons/offlineChat.svg"],"assets/icons/onlineCall.svg":["assets/icons/onlineCall.svg"],"assets/icons/onlineChat.svg":["assets/icons/onlineChat.svg"],"assets/icons/phone.svg":["assets/icons/phone.svg"],"assets/icons/profileCall.svg":["assets/icons/profileCall.svg"],"assets/icons/profileChat.svg":["assets/icons/profileChat.svg"],"assets/icons/qCall.svg":["assets/icons/qCall.svg"],"assets/icons/qChat.svg":["assets/icons/qChat.svg"],"assets/icons/railway.svg":["assets/icons/railway.svg"],"assets/icons/rsSumbol.svg":["assets/icons/rsSumbol.svg"],"assets/icons/sadly.png":["assets/icons/sadly.png"],"assets/icons/searchIcon.svg":["assets/icons/searchIcon.svg"],"assets/icons/sed.png":["assets/icons/sed.png"],"assets/icons/sedActive.png":["assets/icons/sedActive.png"],"assets/icons/seenIcon.svg":["assets/icons/seenIcon.svg"],"assets/icons/send.svg":["assets/icons/send.svg"],"assets/icons/sessionHistoryCallIcon.svg":["assets/icons/sessionHistoryCallIcon.svg"],"assets/icons/sessionHistoryChatIcon.svg":["assets/icons/sessionHistoryChatIcon.svg"],"assets/icons/session_history.svg":["assets/icons/session_history.svg"],"assets/icons/setting.svg":["assets/icons/setting.svg"],"assets/icons/share.svg":["assets/icons/share.svg"],"assets/icons/shareThisApp.png":["assets/icons/shareThisApp.png"],"assets/icons/smile.png":["assets/icons/smile.png"],"assets/icons/smileActive.png":["assets/icons/smileActive.png"],"assets/icons/special.png":["assets/icons/special.png"],"assets/icons/ssc.svg":["assets/icons/ssc.svg"],"assets/icons/star.svg":["assets/icons/star.svg"],"assets/icons/stopwatch.svg":["assets/icons/stopwatch.svg"],"assets/icons/sucessfully.svg":["assets/icons/sucessfully.svg"],"assets/icons/tarotSymbol.svg":["assets/icons/tarotSymbol.svg"],"assets/icons/term.png":["assets/icons/term.png"],"assets/icons/term.svg":["assets/icons/term.svg"],"assets/icons/timerSymbol.svg":["assets/icons/timerSymbol.svg"],"assets/icons/transaction_history.svg":["assets/icons/transaction_history.svg"],"assets/icons/u_crockery.svg":["assets/icons/u_crockery.svg"],"assets/icons/u_dumbbell.svg":["assets/icons/u_dumbbell.svg"],"assets/icons/u_weight.svg":["assets/icons/u_weight.svg"],"assets/icons/u_wheelchair.svg":["assets/icons/u_wheelchair.svg"],"assets/icons/unsucessfully.svg":["assets/icons/unsucessfully.svg"],"assets/icons/upsc.png":["assets/icons/upsc.png"],"assets/icons/veryHappy.png":["assets/icons/veryHappy.png"],"assets/icons/veryHappyActive.png":["assets/icons/veryHappyActive.png"],"assets/icons/videoChat.png":["assets/icons/videoChat.png"],"assets/icons/videocall.png":["assets/icons/videocall.png"],"assets/icons/vidoDuration.svg":["assets/icons/vidoDuration.svg"],"assets/icons/wallet.svg":["assets/icons/wallet.svg"],"assets/icons/watchIcon.svg":["assets/icons/watchIcon.svg"],"assets/icons/watsapp.png":["assets/icons/watsapp.png"],"assets/icons/whatsapp.png":["assets/icons/whatsapp.png"],"assets/icons/yearOfExp.svg":["assets/icons/yearOfExp.svg"],"assets/images/app_icon.png":["assets/images/app_icon.png"],"assets/images/app_icon_old.png":["assets/images/app_icon_old.png"],"assets/images/button_loader.json":["assets/images/button_loader.json"],"assets/images/chatBg.png":["assets/images/chatBg.png"],"assets/images/dummy.pdf":["assets/images/dummy.pdf"],"assets/images/login_boy.png":["assets/images/login_boy.png"],"assets/images/nointernet.png":["assets/images/nointernet.png"],"assets/images/reading_girl.png":["assets/images/reading_girl.png"],"assets/images/reading_girl_new.png":["assets/images/reading_girl_new.png"],"assets/images/screenshot.webp":["assets/images/screenshot.webp"],"assets/images/sign_up_girl.png":["assets/images/sign_up_girl.png"],"assets/images/splashScreen.png":["assets/images/splashScreen.png"],"assets/images/splashScreen_old.png":["assets/images/splashScreen_old.png"],"assets/images/wave.svg":["assets/images/wave.svg"],"assets/web/loading.webp":["assets/web/loading.webp"],"packages/animated_snack_bar/assets/monochrome/check-circle.svg":["packages/animated_snack_bar/assets/monochrome/check-circle.svg"],"packages/animated_snack_bar/assets/monochrome/comment-dots.svg":["packages/animated_snack_bar/assets/monochrome/comment-dots.svg"],"packages/animated_snack_bar/assets/monochrome/exclamation-circle.svg":["packages/animated_snack_bar/assets/monochrome/exclamation-circle.svg"],"packages/animated_snack_bar/assets/monochrome/exclamation-octagon.svg":["packages/animated_snack_bar/assets/monochrome/exclamation-octagon.svg"],"packages/animated_snack_bar/assets/monochrome/exclamation-triangle.svg":["packages/animated_snack_bar/assets/monochrome/exclamation-triangle.svg"],"packages/animated_snack_bar/assets/regular/check-circle.svg":["packages/animated_snack_bar/assets/regular/check-circle.svg"],"packages/animated_snack_bar/assets/regular/exclamation-circle.svg":["packages/animated_snack_bar/assets/regular/exclamation-circle.svg"],"packages/animated_snack_bar/assets/regular/exclamation-triangle.svg":["packages/animated_snack_bar/assets/regular/exclamation-triangle.svg"],"packages/animated_snack_bar/assets/regular/info-circle.svg":["packages/animated_snack_bar/assets/regular/info-circle.svg"],"packages/csc_picker_plus/lib/assets/countries.json":["packages/csc_picker_plus/lib/assets/countries.json"],"packages/cupertino_icons/assets/CupertinoIcons.ttf":["packages/cupertino_icons/assets/CupertinoIcons.ttf"],"packages/empty_widget_fork/assets/images/emptyImage.png":["packages/empty_widget_fork/assets/images/emptyImage.png"],"packages/empty_widget_fork/assets/images/im_emptyIcon_1.png":["packages/empty_widget_fork/assets/images/im_emptyIcon_1.png"],"packages/empty_widget_fork/assets/images/im_emptyIcon_2.png":["packages/empty_widget_fork/assets/images/im_emptyIcon_2.png"],"packages/empty_widget_fork/assets/images/im_emptyIcon_3.png":["packages/empty_widget_fork/assets/images/im_emptyIcon_3.png"],"packages/rflutter_alert/assets/images/close.png":["packages/rflutter_alert/assets/images/close.png","packages/rflutter_alert/assets/images/2.0x/close.png","packages/rflutter_alert/assets/images/3.0x/close.png"],"packages/rflutter_alert/assets/images/icon_error.png":["packages/rflutter_alert/assets/images/icon_error.png","packages/rflutter_alert/assets/images/2.0x/icon_error.png","packages/rflutter_alert/assets/images/3.0x/icon_error.png"],"packages/rflutter_alert/assets/images/icon_info.png":["packages/rflutter_alert/assets/images/icon_info.png","packages/rflutter_alert/assets/images/2.0x/icon_info.png","packages/rflutter_alert/assets/images/3.0x/icon_info.png"],"packages/rflutter_alert/assets/images/icon_success.png":["packages/rflutter_alert/assets/images/icon_success.png","packages/rflutter_alert/assets/images/2.0x/icon_success.png","packages/rflutter_alert/assets/images/3.0x/icon_success.png"],"packages/rflutter_alert/assets/images/icon_warning.png":["packages/rflutter_alert/assets/images/icon_warning.png","packages/rflutter_alert/assets/images/2.0x/icon_warning.png","packages/rflutter_alert/assets/images/3.0x/icon_warning.png"],"packages/sn_progress_dialog/images/cancel.png":["packages/sn_progress_dialog/images/cancel.png"],"packages/sn_progress_dialog/images/completed.png":["packages/sn_progress_dialog/images/completed.png"]}